2007 NAICS,2012 NAICS,2017 NAICS,2022 NAICS,"Index Entries for 541360"
541360,541360,541360,541360,"Aerial geophysical surveying services"
541360,541360,541360,541360,"Electrical geophysical surveying services"
541360,541360,541360,541360,"Electromagnetic geophysical surveying services"
541360,541360,541360,541360,"Geological surveying services"
541360,541360,541360,541360,"Geophysical mapping services"
541360,541360,541360,541360,"Geophysical surveying services"
541360,541360,541360,541360,"Gravity geophysical surveying services"
541360,541360,541360,541360,"Magnetic geophysical surveying services"
541360,541360,541360,541360,"Mapping services, geophysical"
541360,541360,541360,541360,"Radioactive geophysical surveying services"
541360,541360,541360,541360,"Remote sensing geophysical surveying services"
541360,541360,541360,541360,"Seismic geophysical surveying services"
541360,541360,541360,541360,"Surveying services, geophysical"
541370,541370,541370,541370,"Aerial surveying (except geophysical) services"
541370,541370,541370,541370,"Cadastral surveying services"
541370,541370,541370,541370,"Cartographic surveying services"
541370,541370,541370,541370,"Construction surveying services"
541370,541370,541370,541370,"Geodetic surveying services"
541370,541370,541370,541370,"Geographic information system (GIS) base mapping services"
541370,541370,541370,541370,"Geospatial mapping services"
541370,541370,541370,541370,"Hydrographic mapping services"
541370,541370,541370,541370,"Hydrographic surveying services"
541370,541370,541370,541370,"Land surveying services"
541370,541370,541370,541370,"Mapping (except geophysical) services"
541370,541370,541370,541370,"Photogrammetric mapping services"
541370,541370,541370,541370,Surveying and mapping services (except geophysical)
541370,541370,541370,541370,Topographic mapping services
541370,541370,541370,541370,Topographic surveying services
